node,Region,Planner
DFH1,Florida,Raydie
DFH7,Florida,Raydie
DMF3,Florida,Raydie
DMI7,Florida,Raydie
DMO6,Florida,Raydie
DVB4,Florida,Raydie
DFL4,Florida,Raydie
DFL5,Florida,Raydie
DFL7,Florida,Raydie
DFL8,Florida,Raydie
DMO3,Florida,Raydie
DFH3,Florida,Raydie
DFM3,Florida,Raydie
DFM4,Florida,Raydie
DFM5,Florida,Raydie
DLF1,Florida,Raydie
DMF8,Florida,Raydie
DTP3,Florida,Raydie
DTP7,Florida,Raydie
DTP9,Florida,Raydie
DMF1,Florida,Raydie
DMF5,Florida,Raydie
DMI6,Florida,Raydie
DMI9,Florida,Raydie
DVB5,Florida,Raydie
DVB7,Florida,Raydie
DVB8,Florida,Raydie
DFL3,Florida,Raydie
DGE4,Florida,Raydie
DJX1,Florida,Raydie
DJX2,Florida,Raydie
DJX3,Florida,Raydie
DMO4,Florida,Raydie
DJX4,Florida,Raydie
DSC4,Florida,Raydie
DCH8,GreatLakes,Noor
DIL5,GreatLakes,Noor
DIL7,GreatLakes,Noor
DLN3,GreatLakes,Noor
DLN8,GreatLakes,Noor
DXH6,GreatLakes,Noor
DCH6,GreatLakes,Noor
DII4,GreatLakes,Noor
DIL3,GreatLakes,Noor
DIN3,GreatLakes,Noor
DLN2,GreatLakes,Noor
DLN4,GreatLakes,Noor
DXH5,GreatLakes,Noor
DIA3,GreatLakes,Noor
DIA4,GreatLakes,Noor
DIA5,GreatLakes,Noor
DMP1,GreatLakes,Noor
DMS2,GreatLakes,Noor
DMS6,GreatLakes,Noor
DOM2,GreatLakes,Noor
DKS3,GreatLakes,Noor
DLI3,GreatLakes,Noor
DMC3,GreatLakes,Noor
DMC4,GreatLakes,Noor
DLI4,GreatLakes,Noor
DCH9,GreatLakes,Vijay
DLI5,GreatLakes,Noor
DLI6,GreatLakes,Noor
DLI8,GreatLakes,Noor
DLI9,GreatLakes,Noor
DML2,GreatLakes,Noor
DML3,GreatLakes,Noor
DML4,GreatLakes,Noor
DML8,GreatLakes,Noor
DWI4,GreatLakes,Noor
DBA8,MidAtlantic,Raydie
DLD1,MidAtlantic,Raydie
DMD2,MidAtlantic,Raydie
DMD4,MidAtlantic,Raydie
DMD5,MidAtlantic,Raydie
DMD6,MidAtlantic,Raydie
DBA5,MidAtlantic,Vijay
DBA7,MidAtlantic,Vijay
DDC2,MidAtlantic,Vijay
DDC3,MidAtlantic,Vijay
DDC4,MidAtlantic,Vijay
DDC9,MidAtlantic,Vijay
DDW1,MidAtlantic,Vijay
DDW7,MidAtlantic,Vijay
DLD7,MidAtlantic,Vijay
DMD8,MidAtlantic,Vijay
DMD9,MidAtlantic,Vijay
DWD6,MidAtlantic,Vijay
DGI3,MidAtlantic,Raydie
DJE2,MidAtlantic,Raydie
DJE3,MidAtlantic,Raydie
DPH7,MidAtlantic,Raydie
DPL7,MidAtlantic,Raydie
DPL2,MidAtlantic,Raydie
DDP1,MidAtlantic,Raydie
DDP3,MidAtlantic,Raydie
DDP9,MidAtlantic,Raydie
DPH8,MidAtlantic,Raydie
DPH9,MidAtlantic,Raydie
DDP2,MidAtlantic,Raydie
DSC2,MidAtlantic,Raydie
DCD6,MidAtlantic,Raydie
DLT3,MidAtlantic,Raydie
DLT8,MidAtlantic,Raydie
DRT4,MidAtlantic,Raydie
DSC3,MidAtlantic,Raydie
DLT1,MidAtlantic,Raydie
DLT2,MidAtlantic,Raydie
DLT6,MidAtlantic,Raydie
DLT7,MidAtlantic,Raydie
DRT7,MidAtlantic,Raydie
DRT8,MidAtlantic,Raydie
DRT9,MidAtlantic,Raydie
DRT3,MidAtlantic,Raydie
DAE3,MidAtlantic,Vijay
DOR1,MidAtlantic,Raydie
DOR2,MidAtlantic,Raydie
DOR3,MidAtlantic,Raydie
DRC1,MidAtlantic,Raydie
DVA2,MidAtlantic,Raydie
DVA3,MidAtlantic,Raydie
DVA5,MidAtlantic,Raydie
DRC6,MidAtlantic,Raydie
DAT6,MidSouth,Raydie
DAT9,MidSouth,Raydie
DGE7,MidSouth,Raydie
DGE9,MidSouth,Raydie
DGT2,MidSouth,Raydie
DGT8,MidSouth,Raydie
DTG5,MidSouth,Raydie
DFT4,MidSouth,Raydie
DLB2,MidSouth,Noor
DNO2,MidSouth,Noor
DLR2,MidSouth,Noor
DKC3,MidSouth,Raydie
DBM3,MidSouth,Raydie
DBM5,MidSouth,Raydie
DNA4,MidSouth,Raydie
DTN6,MidSouth,Raydie
DTN7,MidSouth,Raydie
DTN8,MidSouth,Raydie
DNA6,MidSouth,Raydie
DCL5,Midwest,Noor
DCM2,Midwest,Noor
DKY4,Midwest,Noor
DKY5,Midwest,Noor
DWO1,Midwest,Noor
DWO6,Midwest,Noor
DAE7,Midwest,Noor
DCL3,Midwest,Noor
DCL4,Midwest,Noor
DCM3,Midwest,Noor
DPP1,Midwest,Noor
DPP7,Midwest,Noor
DCL2,Midwest,Noor
DCL7,Midwest,Noor
DCL9,Midwest,Noor
DCM5,Midwest,Noor
DCM6,Midwest,Noor
DCN2,Midwest,Noor
DII3,Midwest,Noor
DIN4,Midwest,Noor
DIN6,Midwest,Noor
DIN8,Midwest,Noor
DKY6,Midwest,Noor
DKY9,Midwest,Noor
DKY8,Midwest,Noor
DDT1,Midwest,Noor
DDT3,Midwest,Noor
DDT4,Midwest,Noor
DDT6,Midwest,Noor
DDT9,Midwest,Noor
DGR3,Midwest,Noor
DCM7,Midwest,Noor
DGR6,Midwest,Noor
DGR8,Midwest,Noor
DNY1,NorthEast,Vijay
DYX2,NorthEast,Vijay
DAS7,NorthEast,Vijay
DAS8,NorthEast,Vijay
DBO6,NorthEast,Vijay
DKO1,NorthEast,Vijay
DKO9,NorthEast,Vijay
DMH9,NorthEast,Vijay
DNH2,NorthEast,Vijay
DTB9,NorthEast,Vijay
DAS9,NorthEast,Vijay
DBC3,NorthEast,Vijay
DBO9,NorthEast,Vijay
DCB4,NorthEast,Vijay
DCB8,NorthEast,Vijay
DMH4,NorthEast,Vijay
DRI1,NorthEast,Vijay
DEW5,NorthEast,Vijay
DJE1,NorthEast,Vijay
DJE5,NorthEast,Vijay
DJE6,NorthEast,Vijay
DJZ6,NorthEast,Vijay
DJZ8,NorthEast,Vijay
DNK7,NorthEast,Vijay
DBL8,NorthEast,Vijay
DCY9,NorthEast,Vijay
DOB4,NorthEast,Vijay
DXY4,NorthEast,Vijay
DYO1,NorthEast,Vijay
DYO5,NorthEast,Vijay
DAB5,NorthEast,Vijay
DBK6,NorthEast,Vijay
DXX4,NorthEast,Vijay
DXX5,NorthEast,Vijay
DYN7,NorthEast,Vijay
DYY3,NorthEast,Vijay
DYY4,NorthEast,Vijay
DYY6,NorthEast,Vijay
ZYN9,NorthEast,Vijay
DBL1,NorthEast,Vijay
DBO7,NorthEast,Vijay
DCY1,NorthEast,Vijay
DEB2,NorthEast,Vijay
DOB2,NorthEast,Vijay
DOB7,NorthEast,Vijay
DTB2,NorthEast,Vijay
DTB4,NorthEast,Vijay
DAB8,NorthEast,Vijay
DBU3,NorthEast,Vijay
DYR3,NorthEast,Vijay
DYR7,NorthEast,Vijay
DYY9,NorthEast,Vijay
DJR1,NorthEast,Vijay
DJR5,NorthEast,Vijay
DJZ4,NorthEast,Vijay
DJZ5,NorthEast,Vijay
DNJ2,NorthEast,Vijay
DNJ7,NorthEast,Vijay
DYN5,NorthEast,Vijay
DBK1,NorthEast,Vijay
DBK4,NorthEast,Vijay
DJR3,NorthEast,Vijay
DJZ3,NorthEast,Vijay
DNK5,NorthEast,Vijay
DDP5,NorthEast,Raydie
DNK8,NorthEast,Vijay
DJZ2,NorthEast,Vijay
DNJ3,NorthEast,Vijay
DYN9,NorthEast,Vijay
DYO2,NorthEast,Vijay
DYY5,NorthEast,Vijay
DYY8,NorthEast,Vijay
DAE1,NorthEast,Vijay
DDP7,NorthEast,Vijay
DJE9,NorthEast,Vijay
DNJ4,NorthEast,Vijay
DNK2,NorthEast,Vijay
DAB4,NorthEast,Vijay
DBU1,NorthEast,Vijay
DBU2,NorthEast,Vijay
DBU7,NorthEast,Vijay
DBU9,NorthEast,Vijay
DRO2,NorthEast,Vijay
DSE8,NorthWest,Eklavya
DSK4,NorthWest,Eklavya
DWA2,NorthWest,Eklavya
DWA5,NorthWest,Eklavya
DWA6,NorthWest,Eklavya
DWA9,NorthWest,Eklavya
DWS4,NorthWest,Eklavya
DSW3,NorthWest,Eklavya
DCS3,NorthWest,Eklavya
DDE8,NorthWest,Eklavya
DDE9,NorthWest,Eklavya
DDV2,NorthWest,Eklavya
DDV3,NorthWest,Eklavya
DDV4,NorthWest,Eklavya
DDV5,NorthWest,Eklavya
DPD5,NorthWest,Eklavya
DPD2,NorthWest,Eklavya
DPD4,NorthWest,Eklavya
DPD6,NorthWest,Eklavya
DPD7,NorthWest,Eklavya
DPD8,NorthWest,Eklavya
DSW5,NorthWest,Eklavya
DWA7,NorthWest,Eklavya
DID2,NorthWest,Eklavya
DID3,NorthWest,Eklavya
DUT2,NorthWest,Eklavya
DUT3,NorthWest,Eklavya
DUT4,NorthWest,Eklavya
DUT7,NorthWest,Eklavya
DSF6,SouthWest,Eklavya
DAZ9,SouthWest,Eklavya
DPX8,SouthWest,Eklavya
DPX4,SouthWest,Eklavya
DPX7,SouthWest,Eklavya
DTU2,SouthWest,Eklavya
DTU3,SouthWest,Eklavya
DTU8,SouthWest,Eklavya
DTU9,SouthWest,Eklavya
DAZ4,SouthWest,Eklavya
DAZ2,SouthWest,Eklavya
DLV2,SouthWest,Eklavya
DLV3,SouthWest,Eklavya
DLV4,SouthWest,Eklavya
DLV7,SouthWest,Eklavya
DTU6,SouthWest,Eklavya
DTU7,SouthWest,Eklavya
DCX5,SouthWest,Eklavya
DJC5,SouthWest,Eklavya
DSF7,SouthWest,Eklavya
DSJ5,SouthWest,Eklavya
DUR3,SouthWest,Eklavya
DXC8,SouthWest,Eklavya
DCW8,SouthWest,Eklavya
DCX1,SouthWest,Eklavya
DCX2,SouthWest,Eklavya
DFX4,SouthWest,Eklavya
DIB6,SouthWest,Eklavya
DJT6,SouthWest,Eklavya
DJW8,SouthWest,Eklavya
DLX8,SouthWest,Eklavya
DAX7,SouthWest,Eklavya
DCX7,SouthWest,Eklavya
DDO6,SouthWest,Eklavya
DLA8,SouthWest,Eklavya
DLX5,SouthWest,Eklavya
DLX9,SouthWest,Eklavya
DCK6,SouthWest,Eklavya
DFA5,SouthWest,Eklavya
DSF5,SouthWest,Eklavya
DSF8,SouthWest,Eklavya
DSJ9,SouthWest,Eklavya
DXC5,SouthWest,Eklavya
DAX5,SouthWest,Eklavya
DCX8,SouthWest,Eklavya
DFX9,SouthWest,Eklavya
DLX7,SouthWest,Eklavya
DPS1,SouthWest,Eklavya
DXC3,SouthWest,Eklavya
DHI2,SouthWest,Eklavya
DCK1,SouthWest,Eklavya
DFO2,SouthWest,Eklavya
DFO3,SouthWest,Eklavya
DFO9,SouthWest,Eklavya
DSM4,SouthWest,Eklavya
DSR2,SouthWest,Eklavya
DSR4,SouthWest,Eklavya
DSR6,SouthWest,Eklavya
DIB5,SouthWest,Eklavya
DSD1,SouthWest,Eklavya
DSD3,SouthWest,Eklavya
DSD4,SouthWest,Eklavya
DSD5,SouthWest,Eklavya
DSD8,SouthWest,Eklavya
DUR9,SouthWest,Eklavya
DIB7,SouthWest,Eklavya
DAX3,SouthWest,Eklavya
DAX8,SouthWest,Eklavya
DOT4,SouthWest,Eklavya
DPS2,SouthWest,Eklavya
DPS5,SouthWest,Eklavya
DPS6,SouthWest,Eklavya
DUR1,SouthWest,Eklavya
DAU1,Texas,Noor
DAU2,Texas,Noor
DAU5,Texas,Noor
DAU7,Texas,Noor
DSX5,Texas,Noor
DSX7,Texas,Noor
DSX8,Texas,Noor
DSX9,Texas,Noor
DDF6,Texas,Noor
DHX5,Texas,Noor
DDA8,Texas,Noor
DDA9,Texas,Noor
DDF1,Texas,Noor
DDF2,Texas,Noor
DDF4,Texas,Noor
DDF5,Texas,Noor
DDX7,Texas,Noor
DDX2,Texas,Noor
DDX6,Texas,Noor
DOK3,Texas,Noor
DOK4,Texas,Noor
DHO3,Texas,Noor
DHO7,Texas,Noor
DHO8,Texas,Noor
DHT1,Texas,Noor
DHX1,Texas,Noor
DHX3,Texas,Noor
DHX4,Texas,Noor
DHT4,Texas,Noor
DOK2,Texas,Noor
DOK6,Texas,Noor
DSE1,NorthWest,Eklavya
DSW2,NorthWest,Eklavya
DZY2,NorthWest,Eklavya
DYN3,NorthEast,Vijay
XNK2,NorthEast,Vijay